INSERT INTO event (event_year, event_name, event_id) VALUES ('1900', 'Boxer Rebellion in China',1);
INSERT INTO event (event_year, event_name, event_id) VALUES ('1901', 'Platt Amendment in Cuba',2);
INSERT INTO event (event_year, event_name, event_id) VALUES ('1903', 'Panama Revolution supported by US',3);
INSERT INTO event (event_year, event_name, event_id) VALUES ('1904', 'Dominican Republic financial intervention',4);
INSERT INTO event (event_year, event_name, event_id) VALUES ('1906', 'Cuba occupation by US forces', 5);
INSERT INTO event (event_year, event_name, event_id) VALUES ('1907', 'Nicaragua intervention to protect US interests', 6);
INSERT INTO event (event_year, event_name, event_id) VALUES ('1911', 'US troops occupy Honduras', 7);
INSERT INTO event (event_year, event_name, event_id) VALUES ('1912', 'US troops land in Nicaragua to support conservative forces', 8);
INSERT INTO event (event_year, event_name, event_id) VALUES ('1913', 'US intervention in Mexico during Mexican Revolution', 9);
INSERT INTO event (event_year, event_name, event_id) VALUES ('1914', 'US forces occupy Veracruz, Mexico', 10);
INSERT INTO event (event_year, event_name, event_id) VALUES ('1916', 'US military intervention in the Dominican Republic', 11);
INSERT INTO event (event_year, event_name, event_id) VALUES ('1917', 'US enters World War I', 12);
INSERT INTO event (event_year, event_name, event_id) VALUES ('1918', 'US intervention in Russia', 13);
INSERT INTO event (event_year, event_name, event_id) VALUES ('1919', 'US troops sent to Honduras', 14);
INSERT INTO event (event_year, event_name, event_id) VALUES ('1920', 'US involvement in Guatemala', 15);
INSERT INTO event (event_year, event_name, event_id) VALUES ('1922', 'US intervention in Turkey during Turkish War of Independence', 16);
INSERT INTO event (event_year, event_name, event_id) VALUES ('1924', 'US Marines sent to Honduras', 17);
INSERT INTO event (event_year, event_name, event_id) VALUES ('1925', 'US Marines invade Panama', 18);
INSERT INTO event (event_year, event_name, event_id) VALUES ('1926', 'Nicaraguan civil war intervention', 19);
INSERT INTO event (event_year, event_name, event_id) VALUES ('1934', 'Good Neighbor Policy implementation begins', 20);
INSERT INTO event (event_year, event_name, event_id) VALUES ('1941', 'Entry into World War II after Pearl Harbor', 21);
INSERT INTO event (event_year, event_name, event_id) VALUES ('1950', 'Korean War begins', 22);
INSERT INTO event (event_year, event_name, event_id) VALUES ('1961', 'Bay of Pigs Invasion in Cuba', 23);
INSERT INTO event (event_year, event_name, event_id) VALUES ('1964', 'Gulf of Tonkin Resolution escalates Vietnam War', 24);
INSERT INTO event (event_year, event_name, event_id) VALUES ('1979', 'Iran Hostage Crisis begins', 25);
INSERT INTO event (event_year, event_name, event_id) VALUES ('1983', 'Grenada invaded in Operation Urgent Fury', 26);
INSERT INTO event (event_year, event_name, event_id) VALUES ('1989', 'Invasion of Panama to oust Manuel Noriega', 27);
INSERT INTO event (event_year, event_name, event_id) VALUES ('1990', 'Gulf War to expel Iraqi forces from Kuwait', 28);
INSERT INTO event (event_year, event_name, event_id) VALUES ('1993', 'US involvement in Somalia, Battle of Mogadishu', 29);
INSERT INTO event (event_year, event_name, event_id) VALUES ('1999', 'NATO bombing of Yugoslavia over Kosovo', 30);
INSERT INTO event (event_year, event_name, event_id) VALUES ('2001', 'Invasion of Afghanistan following September 11 attacks', 31);
INSERT INTO event (event_year, event_name, event_id) VALUES ('2003', 'Invasion of Iraq based on weapons of mass destruction claims', 32);
INSERT INTO event (event_year, event_name, event_id) VALUES ('2011', 'Military intervention in Libya', 33);
INSERT INTO event (event_year, event_name, event_id) VALUES ('2014', 'Intervention against ISIS in Iraq and Syria', 34);
INSERT INTO event (event_year, event_name, event_id) VALUES ('2015', 'Support for Saudi-led coalition in Yemen begins', 35);
INSERT INTO event (event_year, event_name, event_id) VALUES ('2016', 'Airstrikes against Al-Shabaab in Somalia increase', 36);
INSERT INTO event (event_year, event_name, event_id) VALUES ('2017', 'Missile strikes against Shayrat Airbase in Syria in response to chemical attacks', 37);
INSERT INTO event (event_year, event_name, event_id) VALUES ('2018', 'Continued counter-terrorism operations in Africa, including Somalia', 38);
INSERT INTO event (event_year, event_name, event_id) VALUES ('2019', 'Cyber operation against Iran to disable rocket and missile launch systems', 39);
INSERT INTO event (event_year, event_name, event_id) VALUES ('2020', 'Airstrike killing Iranian General Qasem Soleimani', 40);
INSERT INTO event (event_year, event_name, event_id) VALUES ('2023', 'Support for Israeli to invade and commit genocide in Palestine', 41);


INSERT INTO country (country_name, country_id) VALUES ('China', 1);
INSERT INTO country (country_name, country_id) VALUES ('Colombia/Panama', 2);
INSERT INTO country (country_name, country_id) VALUES ('Guam', 3);
INSERT INTO country (country_name, country_id) VALUES ('Honduras', 4);
INSERT INTO country (country_name, country_id) VALUES ('Dominican Republic', 5);
INSERT INTO country (country_name, country_id) VALUES ('Korea', 6);
INSERT INTO country (country_name, country_id) VALUES ('Cuba', 7);
INSERT INTO country (country_name, country_id) VALUES ('Nicaragua', 8);
INSERT INTO country (country_name, country_id) VALUES ('Mexico', 9);
INSERT INTO country (country_name, country_id) VALUES ('Haiti', 10);
INSERT INTO country (country_name, country_id) VALUES ('Russia', 11);
INSERT INTO country (country_name, country_id) VALUES ('Yugoslavia', 12);
INSERT INTO country (country_name, country_id) VALUES ('Guatemala', 13);
INSERT INTO country (country_name, country_id) VALUES ('Turkey', 14);
INSERT INTO country (country_name, country_id) VALUES ('El Salvador', 15);
INSERT INTO country (country_name, country_id) VALUES ('Iran', 16);
INSERT INTO country (country_name, country_id) VALUES ('Greece', 17);
INSERT INTO country (country_name, country_id) VALUES ('Italy', 18);
INSERT INTO country (country_name, country_id) VALUES ('Philippines', 19);
INSERT INTO country (country_name, country_id) VALUES ('Vietnam', 20);
INSERT INTO country (country_name, country_id) VALUES ('Lebanon', 21);
INSERT INTO country (country_name, country_id) VALUES ('Congo', 22);
INSERT INTO country (country_name, country_id) VALUES ('Laos', 23);
INSERT INTO country (country_name, country_id) VALUES ('Ecuador', 24);
INSERT INTO country (country_name, country_id) VALUES ('Brazil', 25);
INSERT INTO country (country_name, country_id) VALUES ('Indonesia', 26);
INSERT INTO country (country_name, country_id) VALUES ('Ghana', 27);
INSERT INTO country (country_name, country_id) VALUES ('Cambodia', 28);
INSERT INTO country (country_name, country_id) VALUES ('Oman', 29);
INSERT INTO country (country_name, country_id) VALUES ('Chile', 30);
INSERT INTO country (country_name, country_id) VALUES ('Angola', 31);
INSERT INTO country (country_name, country_id) VALUES ('Grenada', 32);
INSERT INTO country (country_name, country_id) VALUES ('Bolivia', 33);
INSERT INTO country (country_name, country_id) VALUES ('Iraq', 34);
INSERT INTO country (country_name, country_id) VALUES ('Somalia', 35);
INSERT INTO country (country_name, country_id) VALUES ('Croatia', 36);
INSERT INTO country (country_name, country_id) VALUES ('Liberia', 37);
INSERT INTO country (country_name, country_id) VALUES ('Sudan', 38);
INSERT INTO country (country_name, country_id) VALUES ('Afghanistan', 39);
INSERT INTO country (country_name, country_id) VALUES ('Macedonia', 40);
INSERT INTO country (country_name, country_id) VALUES ('Syria', 41);
INSERT INTO country (country_name, country_id) VALUES ('Palestine', 42);

INSERT INTO us_action (us_action, action_description) VALUES ('Airstrike', 'Targeted bombing operations conducted from the air');
INSERT INTO us_action (us_action, action_description) VALUES ('Invasion', 'Military operation involving entry into foreign territory to achieve strategic objectives');
INSERT INTO us_action (us_action, action_description) VALUES ('Support', 'Providing logistical, intelligence, and military support to allies or for specific operations');
INSERT INTO us_action (us_action, action_description) VALUES ('Cyber Operation', 'Activities conducted in cyberspace to disrupt, degrade, or destroy targeted entities');
INSERT INTO us_action (us_action, action_description) VALUES ('Counter-Terrorism', 'Operations aimed at preventing, deterring, and responding to terrorist activities');
INSERT INTO us_action (us_action, action_description) VALUES ('Naval Blockade', 'The use of naval forces to block the maritime transport of goods to and from a country');
INSERT INTO us_action (us_action, action_description) VALUES ('Special Operations', 'Military operations carried out by specially trained, equipped, and organized forces');

INSERT INTO individuals (individual_name, individual_role, individual_id) VALUES ('Theodore Roosevelt', 'U.S. President during the Panama Revolution', 1);
INSERT INTO individuals (individual_name, individual_role, individual_id) VALUES ('William Howard Taft', 'U.S. President during the intervention in Nicaragua and the occupation of Cuba', 2);
INSERT INTO individuals (individual_name, individual_role, individual_id) VALUES ('Woodrow Wilson', 'U.S. President during the occupation of Haiti and the Dominican Republic, and World War I', 3);
INSERT INTO individuals (individual_name, individual_role, individual_id) VALUES ('Franklin D. Roosevelt', 'U.S. President, initiated the Good Neighbor Policy', 4);
INSERT INTO individuals (individual_name, individual_role, individual_id) VALUES ('Harry S. Truman', 'U.S. President during the end of World War II and the beginning of the Korean War', 5);
INSERT INTO individuals (individual_name, individual_role, individual_id) VALUES ('Dwight D. Eisenhower', 'U.S. President during the intervention in Guatemala', 6);
INSERT INTO individuals (individual_name, individual_role, individual_id) VALUES ('John F. Kennedy', 'U.S. President during the Bay of Pigs Invasion and the beginning of the Vietnam War', 7);
INSERT INTO individuals (individual_name, individual_role, individual_id) VALUES ('Lyndon B. Johnson', 'U.S. President who escalated U.S. involvement in Vietnam', 8);
INSERT INTO individuals (individual_name, individual_role, individual_id) VALUES ('Richard Nixon', 'U.S. President during the continuation of the Vietnam War', 9);
INSERT INTO individuals (individual_name, individual_role, individual_id) VALUES ('Jimmy Carter', 'U.S. President during the Iran Hostage Crisis', 10);
INSERT INTO individuals (individual_name, individual_role, individual_id) VALUES ('Ronald Reagan', 'U.S. President during the invasion of Grenada and intervention in Lebanon', 11);
INSERT INTO individuals (individual_name, individual_role, individual_id) VALUES ('George H.W. Bush', 'U.S. President during the Invasion of Panama and the Gulf War', 12);
INSERT INTO individuals (individual_name, individual_role, individual_id) VALUES ('Bill Clinton', 'U.S. President during the intervention in Somalia and the NATO bombing of Yugoslavia', 13);
INSERT INTO individuals (individual_name, individual_role, individual_id) VALUES ('George W. Bush', 'U.S. President during the invasions of Afghanistan and Iraq', 14);
INSERT INTO individuals (individual_name, individual_role, individual_id) VALUES ('Barack Obama', 'U.S. President during the military intervention in Libya and the intervention against ISIS', 15);
INSERT INTO individuals (individual_name, individual_role, individual_id) VALUES ('Donald Trump', 'U.S. President during the airstrike killing Iranian General Qasem Soleimani', 16);
INSERT INTO individuals (individual_name, individual_role, individual_id) VALUES ('Empress Dowager Cixi', 'Leader of Qing Dynasty during the Boxer Rebellion', 17);
INSERT INTO individuals (individual_name, individual_role, individual_id) VALUES ('Tomás Estrada Palma', 'President of Cuba during the Platt Amendment era', 18);
INSERT INTO individuals (individual_name, individual_role, individual_id) VALUES ('Manuel Amador Guerrero', 'First President of Panama during the Panama Revolution', 19);
INSERT INTO individuals (individual_name, individual_role, individual_id) VALUES ('Carlos Felipe Morales', 'President of the Dominican Republic during financial intervention', 20);
INSERT INTO individuals (individual_name, individual_role, individual_id) VALUES ('José Santos Zelaya', 'President of Nicaragua during 1907 and 1910 interventions', 21);
INSERT INTO individuals (individual_name, individual_role, individual_id) VALUES ('Miguel Dávila', 'President of Honduras during 1911 US troops occupation', 22);
INSERT INTO individuals (individual_name, individual_role, individual_id) VALUES ('Victoriano Huerta', 'Mexican military officer and President during the US intervention in Mexico', 23);
INSERT INTO individuals (individual_name, individual_role, individual_id) VALUES ('Friedrich Karl von Preußen', 'Commander of German East Asia Squadron during Boxer Rebellion', 24);
INSERT INTO individuals (individual_name, individual_role, individual_id) VALUES ('Venustiano Carranza', 'Leader in the Mexican Revolution, opposed the US occupation of Veracruz', 25);
INSERT INTO individuals (individual_name, individual_role, individual_id) VALUES ('Juan Isidro Jimenes Pereyra', 'President of the Dominican Republic during the 1916 US intervention', 26);
INSERT INTO individuals (individual_name, individual_role, individual_id) VALUES ('Alexander Kolchak', 'Leader of the White Army during the US intervention in Russia', 27);
INSERT INTO individuals (individual_name, individual_role, individual_id) VALUES ('Fulgencio Batista', 'Cuban leader during the 1952 coup and subsequent US involvement', 28);
INSERT INTO individuals (individual_name, individual_role, individual_id) VALUES ('Mohammed Mossadegh', 'Prime Minister of Iran during the 1953 CIA-led coup', 29);
INSERT INTO individuals (individual_name, individual_role, individual_id) VALUES ('Jacobo Árbenz', 'President of Guatemala during the 1954 US-backed coup', 30);
INSERT INTO individuals (individual_name, individual_role, individual_id) VALUES ('Ngo Dinh Diem', 'President of South Vietnam before and during early years of the Vietnam War', 31);
INSERT INTO individuals (individual_name, individual_role, individual_id) VALUES ('Patrice Lumumba', 'Prime Minister of the Congo, involved before his assassination during the Congo Crisis', 32);
INSERT INTO individuals (individual_name, individual_role, individual_id) VALUES ('Fidel Castro', 'Cuban revolutionary and leader during the Bay of Pigs Invasion', 33);
INSERT INTO individuals (individual_name, individual_role, individual_id) VALUES ('Ho Chi Minh', 'North Vietnamese leader during the Vietnam War', 34);
INSERT INTO individuals (individual_name, individual_role, individual_id) VALUES ('Salvador Allende', 'President of Chile during the 1973 coup d état', 35);
INSERT INTO individuals (individual_name, individual_role, individual_id) VALUES ('Muhammad Zia-ul-Haq', 'Military leader of Pakistan during the Soviet-Afghan War, allied with the US against Soviets', 36);
INSERT INTO individuals (individual_name, individual_role, individual_id) VALUES ('Saddam Hussein', 'President of Iraq during the Gulf War and 2003 Iraq War', 37);
INSERT INTO individuals (individual_name, individual_role, individual_id) VALUES ('Mohamed Farrah Aidid', 'Somali military commander during the Battle of Mogadishu', 38);
INSERT INTO individuals (individual_name, individual_role, individual_id) VALUES ('Slobodan Milošević', 'President of Serbia/Yugoslavia during the NATO bombing of Yugoslavia', 39);
INSERT INTO individuals (individual_name, individual_role, individual_id) VALUES ('Osama bin Laden', 'Leader of Al-Qaeda during the 9/11 attacks and subsequent invasion of Afghanistan', 40);
INSERT INTO individuals (individual_name, individual_role, individual_id) VALUES ('Taliban', 'Governing entity of Afghanistan at the time of the 2001 invasion', 41);
INSERT INTO individuals (individual_name, individual_role, individual_id) VALUES ('Saddam Hussein', 'Leader of Iraq during the 2003 US-led invasion', 42);
INSERT INTO individuals (individual_name, individual_role, individual_id) VALUES ('Muammar Gaddafi', 'Leader of Libya during the 2011 NATO intervention', 43);
INSERT INTO individuals (individual_name, individual_role, individual_id) VALUES ('Abu Bakr al-Baghdadi', 'Leader of ISIS during the intervention against ISIS in Iraq and Syria', 44);
INSERT INTO individuals (individual_name, individual_role, individual_id) VALUES ('Houthi rebels', 'Rebel group in Yemen, opposed by the Saudi-led coalition supported by the US', 45);
INSERT INTO individuals (individual_name, individual_role, individual_id) VALUES ('Bashar al-Assad', 'President of Syria during the US missile strikes', 46);
INSERT INTO individuals (individual_name, individual_role, individual_id) VALUES ('Qasem Soleimani', 'Iranian Major General killed in the 2020 airstrike', 47);
INSERT INTO individuals (individual_name, individual_role, individual_id) VALUES ('Joe Biden', 'U.S. President during the Israeli-Palestinian conflict and genocide ', 48);


INSERT INTO individuals_event (individual_id, event_id) VALUES (1, 3);-- Theodore Roosevelt and the Panama Revolution
INSERT INTO individuals_event (individual_id, event_id) VALUES (2, 6);-- William Howard Taft and intervention in Nicaragua
INSERT INTO individuals_event (individual_id, event_id) VALUES (3, 12);-- Woodrow Wilson and the occupation of Haiti
INSERT INTO individuals_event (individual_id, event_id) VALUES (4, 20);-- Franklin D. Roosevelt and Good Neighbor Policy implementation
INSERT INTO individuals_event (individual_id, event_id) VALUES (5, 21);-- Harry S. Truman and the end of World War II
INSERT INTO individuals_event (individual_id, event_id) VALUES (6, 16);-- Dwight D. Eisenhower and the intervention in Guatemala
INSERT INTO individuals_event (individual_id, event_id) VALUES (7, 23);-- John F. Kennedy and the Bay of Pigs Invasion
INSERT INTO individuals_event (individual_id, event_id) VALUES (8, 25);-- Lyndon B. Johnson and escalation of U.S. involvement in Vietnam
INSERT INTO individuals_event (individual_id, event_id) VALUES (9, 25);-- Richard Nixon during the continuation of the Vietnam War
INSERT INTO individuals_event (individual_id, event_id) VALUES (10, 25);-- Jimmy Carter during the Iran Hostage Crisis
INSERT INTO individuals_event (individual_id, event_id) VALUES (11, 27); -- Ronald Reagan and Invasion of Grenada
INSERT INTO individuals_event (individual_id, event_id) VALUES (12, 28); -- George H.W. Bush and Gulf War
INSERT INTO individuals_event (individual_id, event_id) VALUES (13, 30); -- Bill Clinton and NATO bombing of Yugoslavia
INSERT INTO individuals_event (individual_id, event_id) VALUES (14, 32); -- George W. Bush and Invasion of Afghanistan
INSERT INTO individuals_event (individual_id, event_id) VALUES (14, 33); -- George W. Bush and Invasion of Iraq
INSERT INTO individuals_event (individual_id, event_id) VALUES (15, 34); -- Barack Obama and Intervention against ISIS
INSERT INTO individuals_event (individual_id, event_id) VALUES (16, 40); -- Donald Trump and Airstrike killing Qasem Soleimani
INSERT INTO individuals_event (individual_id, event_id) VALUES (48, 41); -- Joe Biden and Palestinian Genocide
-- non-US Presidents for key events
INSERT INTO individuals_event (individual_id, event_id) VALUES (17, 1); -- Empress Dowager Cixi and Boxer Rebellion
INSERT INTO individuals_event (individual_id, event_id) VALUES (18, 2); -- Tomás Estrada Palma and Platt Amendment
INSERT INTO individuals_event (individual_id, event_id) VALUES (19, 3); -- Manuel Amador Guerrero and Panama Revolution
INSERT INTO individuals_event (individual_id, event_id) VALUES (20, 4); -- Carlos Felipe Morales and DR financial intervention
INSERT INTO individuals_event (individual_id, event_id) VALUES (21, 6); -- José Santos Zelaya and Nicaragua intervention
INSERT INTO individuals_event (individual_id, event_id) VALUES (22, 7); -- Miguel Dávila and US troops in Honduras
INSERT INTO individuals_event (individual_id, event_id) VALUES (23, 9); -- Victoriano Huerta and US intervention in Mexico
INSERT INTO individuals_event (individual_id, event_id) VALUES (24, 1); -- Friedrich Karl von Preußen and Boxer Rebellion
INSERT INTO individuals_event (individual_id, event_id) VALUES (25, 10); -- Venustiano Carranza and US intervention in Mexico
INSERT INTO individuals_event (individual_id, event_id) VALUES (26, 12); -- Juan Isidro Jimenes Pereyra and US intervention in the Dominican Republic
INSERT INTO individuals_event (individual_id, event_id) VALUES (27, 14); -- Alexander Kolchak and US intervention in Russia
INSERT INTO individuals_event (individual_id, event_id) VALUES (28, 5);  -- Fulgencio Batista and Cuba occupation by US forces
INSERT INTO individuals_event (individual_id, event_id) VALUES (29, 15); -- Mohammed Mossadegh and US involvement in Guatemala
INSERT INTO individuals_event (individual_id, event_id) VALUES (30, 16); -- Jacobo Árbenz and US intervention in Turkey
INSERT INTO individuals_event (individual_id, event_id) VALUES (31, 25); -- Ngo Dinh Diem and Gulf of Tonkin Resolution
INSERT INTO individuals_event (individual_id, event_id) VALUES (32, 29); -- Patrice Lumumba and US involvement in Somalia


INSERT INTO event_country (event_id, country_id) VALUES (1, 1);  -- Boxer Rebellion in China
INSERT INTO event_country (event_id, country_id) VALUES (2, 7);  -- Platt Amendment in Cuba
INSERT INTO event_country (event_id, country_id) VALUES (3, 2);  -- Panama Revolution supported by US
INSERT INTO event_country (event_id, country_id) VALUES (4, 5);  -- Dominican Republic financial intervention
INSERT INTO event_country (event_id, country_id) VALUES (5, 7);  -- Cuba occupation by US forces
INSERT INTO event_country (event_id, country_id) VALUES (6, 8);  -- Nicaragua intervention to protect US interests
INSERT INTO event_country (event_id, country_id) VALUES (7, 8);  -- Nicaragua intervention to protect US interests (1910, assuming missing from sequence)
INSERT INTO event_country (event_id, country_id) VALUES (8, 4);  -- US troops occupy Honduras
INSERT INTO event_country (event_id, country_id) VALUES (9, 8);  -- US troops land in Nicaragua to support conservative forces
INSERT INTO event_country (event_id, country_id) VALUES (10, 9); -- US intervention in Mexico during Mexican Revolution
INSERT INTO event_country (event_id, country_id) VALUES (11, 9); -- US forces occupy Veracruz, Mexico
INSERT INTO event_country (event_id, country_id) VALUES (12, 5); -- US military intervention in the Dominican Republic
INSERT INTO event_country (event_id, country_id) VALUES (13, 36); -- US enters World War I
INSERT INTO event_country (event_id, country_id) VALUES (14, 11); -- US intervention in Russia
INSERT INTO event_country (event_id, country_id) VALUES (15, 4);  -- US troops sent to Honduras (1919)
INSERT INTO event_country (event_id, country_id) VALUES (16, 20); -- US involvement in Guatemala
INSERT INTO event_country (event_id, country_id) VALUES (17, 14); -- US intervention in Turkey during Turkish War of Independence
INSERT INTO event_country (event_id, country_id) VALUES (18, 4);  -- US Marines sent to Honduras (1924)
INSERT INTO event_country (event_id, country_id) VALUES (19, 2);  -- US Marines invade Panama
INSERT INTO event_country (event_id, country_id) VALUES (20, 8);  -- Nicaraguan civil war intervention
INSERT INTO event_country (event_id, country_id) VALUES (21, 7);  -- Good Neighbor Policy implementation begins
INSERT INTO event_country (event_id, country_id) VALUES (22, 36); -- Entry into World War II after Pearl Harbor
INSERT INTO event_country (event_id, country_id) VALUES (23, 20); -- Korean War begins
INSERT INTO event_country (event_id, country_id) VALUES (24, 7);  -- Bay of Pigs Invasion in Cuba
INSERT INTO event_country (event_id, country_id) VALUES (25, 20); -- Gulf of Tonkin Resolution escalates Vietnam War
INSERT INTO event_country (event_id, country_id) VALUES (26, 16); -- Iran Hostage Crisis begins
INSERT INTO event_country (event_id, country_id) VALUES (27, 37); -- Grenada invaded in Operation Urgent Fury
INSERT INTO event_country (event_id, country_id) VALUES (28, 2);  -- Invasion of Panama to oust Manuel Noriega
INSERT INTO event_country (event_id, country_id) VALUES (29, 40); -- Gulf War to expel Iraqi forces from Kuwait
INSERT INTO event_country (event_id, country_id) VALUES (30, 40); -- US involvement in Somalia, Battle of Mogadishu
INSERT INTO event_country (event_id, country_id) VALUES (31, 12); -- NATO bombing of Yugoslavia over Kosovo
INSERT INTO event_country (event_id, country_id) VALUES (32, 41); -- Invasion of Afghanistan following September 11 attacks
INSERT INTO event_country (event_id, country_id) VALUES (33, 40); -- Invasion of Iraq based on WMD claims
INSERT INTO event_country (event_id, country_id) VALUES (34, 21); -- Military intervention in Libya
INSERT INTO event_country (event_id, country_id) VALUES (35, 39); -- Intervention against ISIS in Iraq and Syria
INSERT INTO event_country (event_id, country_id) VALUES (36, 38); -- Support for Saudi-led coalition in Yemen begins
INSERT INTO event_country (event_id, country_id) VALUES (37, 35); -- Airstrikes against Al-Shabaab in Somalia increase
INSERT INTO event_country (event_id, country_id) VALUES (38, 41); -- Missile strikes against Shayrat Airbase in Syria in response to chemical attacks
INSERT INTO event_country (event_id, country_id) VALUES (39, 16); -- Cyber operation against Iran to disable rocket and missile launch systems
INSERT INTO event_country (event_id, country_id) VALUES (40, 16); -- Airstrike killing Iranian General Qasem Soleimani
INSERT INTO event_country (event_id, country_id) VALUES (41, 42); -- Support for Israel in commiting genocide against Palestinians



